{"cameraMode":{"drawMode":0,"name":"Shaded","section":"Shading Mode"},"sceneLighting":false,"audioPlay":false,"sceneViewState":{"m_AlwaysRefresh":true,"showFog":true,"showSkybox":false,"showFlares":true,"showImageEffects":true,"showParticleSystems":true,"showVisualEffectGraphs":true,"m_FxEnabled":true},"in2DMode":false,"pivot":{"x":-3.073544979095459,"y":4.048334121704102,"z":6.183845520019531},"rotation":{"x":-0.049788303673267367,"y":0.006589051801711321,"z":-0.00032871734583750367,"w":-0.9987444281578064},"size":17.5618953704834,"orthographic":false}